[
  {
    "DateTime": "2025-12-10T22:37:31.5148496+02:00",
    "Type": "BUY",
    "Symbol": "AAPL",
    "Shares": 3,
    "Price": 205.06,
    "Total": 615.18
  },
  {
    "DateTime": "2025-12-10T22:38:24.5367221+02:00",
    "Type": "BUY",
    "Symbol": "TSLA",
    "Shares": 50,
    "Price": 241.58,
    "Total": 12079.00
  },
  {
    "DateTime": "2025-12-10T22:39:07.1958526+02:00",
    "Type": "SELL",
    "Symbol": "TSLA",
    "Shares": 50,
    "Price": 254.80,
    "Total": 12740.00
  },
  {
    "DateTime": "2025-12-10T22:41:15.8734014+02:00",
    "Type": "BUY",
    "Symbol": "JPM",
    "Shares": 100,
    "Price": 140.03,
    "Total": 14003.00
  },
  {
    "DateTime": "2025-12-10T22:45:23.7005299+02:00",
    "Type": "BUY",
    "Symbol": "BRK.B",
    "Shares": 121,
    "Price": 328.40,
    "Total": 39736.40
  },
  {
    "DateTime": "2025-12-11T01:38:44.712063+02:00",
    "Type": "BUY",
    "Symbol": "MSFT",
    "Shares": 13,
    "Price": 325.23,
    "Total": 4227.99
  },
  {
    "DateTime": "2025-12-11T01:43:41.0038134+02:00",
    "Type": "SELL",
    "Symbol": "BRK.B",
    "Shares": 121,
    "Price": 351.38,
    "Total": 42516.98
  },
  {
    "DateTime": "2025-12-11T01:43:57.4128054+02:00",
    "Type": "SELL",
    "Symbol": "AAPL",
    "Shares": 3,
    "Price": 245.43,
    "Total": 736.29
  },
  {
    "DateTime": "2025-12-12T22:35:28.8232874+02:00",
    "Type": "BUY",
    "Symbol": "AAPL",
    "Shares": 200,
    "Price": 197.12,
    "Total": 39424.00
  },
  {
    "DateTime": "2025-12-12T22:36:12.8454824+02:00",
    "Type": "BUY",
    "Symbol": "AAPL",
    "Shares": 200,
    "Price": 207.80,
    "Total": 41560.00
  },
  {
    "DateTime": "2026-01-12T20:20:38.6415061+02:00",
    "Type": "SELL",
    "Symbol": "JPM",
    "Shares": 100,
    "Price": 241.75,
    "Total": 24175.00
  },
  {
    "DateTime": "2026-01-12T20:21:18.7180694+02:00",
    "Type": "SELL",
    "Symbol": "MSFT",
    "Shares": 13,
    "Price": 446.21,
    "Total": 5800.73
  },
  {
    "DateTime": "2026-01-12T20:21:30.6976682+02:00",
    "Type": "SELL",
    "Symbol": "AAPL",
    "Shares": 400,
    "Price": 222.25,
    "Total": 88900.00
  },
  {
    "DateTime": "2026-01-12T20:29:09.1591219+02:00",
    "Type": "BUY",
    "Symbol": "V",
    "Shares": 200,
    "Price": 254.67,
    "Total": 50934.00
  },
  {
    "DateTime": "2026-01-12T20:29:21.5020626+02:00",
    "Type": "BUY",
    "Symbol": "AMZN",
    "Shares": 100,
    "Price": 239.96,
    "Total": 23996.00
  },
  {
    "DateTime": "2026-01-12T20:29:24.1807213+02:00",
    "Type": "BUY",
    "Symbol": "AMZN",
    "Shares": 100,
    "Price": 239.96,
    "Total": 23996.00
  },
  {
    "DateTime": "2026-01-13T11:49:24.4556623+02:00",
    "Type": "BUY",
    "Symbol": "BRK.B",
    "Shares": 50,
    "Price": 271.62,
    "Total": 13581.00
  },
  {
    "DateTime": "2026-01-13T11:50:18.9106975+02:00",
    "Type": "SELL",
    "Symbol": "BRK.B",
    "Shares": 50,
    "Price": 303.98,
    "Total": 15199.00
  }
]